[
    {
        "location": "Gualala California US",
        "distance": "199 kilometres away",
        "date": "27 May - 1 Jun",
        "price": "55,207",
        "rates": "4.97",
        "type":"1",
        "favorite": true
    },
    {
        "location": "Whitethorn, California, US",
        "distance": "338 kilometres away",
        "date": "1- 6 Mar",
        "price": "21,189",
        "rates": "4.86",
        "type":"1",

        "favorite": false
    },
    {
        "location": "Half Moon Bay, California, US",
        "distance": "38 kilometres away",
        "date": "10 - 15 Mar",
        "price": "76,596",
        "rates": "4.95",
        "type":"1",

        "favorite": true
    },
    {
        "location": "Big Sur, California, US",
        "distance": "148 kilometres away",
        "date": "1 - 6 Mar",
        "price": "1,11,608",
        "rates": "New",
        "type":"1",

        "favorite": false
    },
    {
        "location": "Half Moon Bay, California, US",
        "distance": "40 kilometres away",
        "date": "16 - 21 Mar",
        "price": "82,905",
        "rates": "4.88",
        "type":"2",

        "favorite": false
    },
    {
        "location": "Bodega Bay, California, US",
        "distance": "Scotty ",
        "date": "17 - 22 Mar",
        "price": "51,393",
        "rates": "4.82",
        "favorite": false,
        "type":"2"

    },
    {
        "location": "Carmel-by-the-Sea, California,…",
        "distance": "104 kilometres away",
        "date": "17 - 22 Mar",
        "type":"2",

        "price": "71,765",
        "rates": "4.97",
        "favorite": true
    },
    {
        "location": "Santa Cruz, California, US",
        "distance": "52 kilometres away",
        "date": "10 - 15 Apr",
        "type":"2",
        "price": "79,846",
        "rates": "4.9",
        "favorite": true
    },
    {
        "location": "Tiburon, California, US",
        "distance": "67 kilometres away",
        "date": "1- 6 Mar",
        "type":"2",
        "price": "31,234",
        "rates": "4.86",
        "favorite": false
    },
    {
        "location": "Cayucos, California, US",
        "distance": "243 kilometres away",
        "type":"2",
        "date": "14 - 19 Apr",
        "price": "₹81,049",
        "rates": "4.78",
        "favorite": true
    },
    {
        "location": "Carpinteria, California, US",
        "distance": "404 kilometres away",
        "date": "1 - 6 Mar ",
        "price": "54,283",
        "type":"2",
        "rates": "4.94",
        "favorite": false
    },
    {
        "location": "Carpinteria, California, US",
        "distance": "Carpinteria City Beach",
        "date": "1 - 6 Mar",
        "type":"2",
        "price": "₹1,12,582",
        "rates": "5.0",
        "favorite": true
    },
    {
        "location": "Stinson Beach, California, US",
        "distance": "Stinson Beach",
        "type":"2",
        "date": "8 - 13 Mar",
        "price": "68,586",
        "rates": "4.96",
        "favorite": true
    },
    {
        "location": "Moss Beach, California, US",
        "distance": "42 kilometres away",
        "date": "5 - 10 Mar",
        "type":"2",
        "price": "63,485",
        "rates": "4.93",
        "favorite": true
    },
    {
        "location": "Whitethorn, California, US",
        "distance": "338 kilometres away",
        "type":"2",
        "date": "8 - 13 Mar",
        "price": "20,417",
        "rates": "4.97",
        "favorite": true
    },
    {
        "location": "Whitethorn, California, US",
        "distance": "340 kilometres away",
        "date": "5 - 10 Mar",
        "type":"2",
        "price": "33,576",
        "rates": "5.0",
        "favorite": true
    },
    {
        "location": "Half Moon Bay, California, US",
        "distance": "Miramar Beach",
        "type":"2",
        "date": " 3 - 8 Mar",
        "price": "62,386",
        "rates": "4.9",
        "favorite": true
    },
    {
        "location": "Bodega Bay, California, US",
        "distance": "Wrights Beach",
        "date": "28 May - 2 Jun",
        "type":"2",
        "price": "66,684",
        "rates": "5.0",
        "favorite": true
    },
    {
        "location": "Mill Valley, California, US",
        "distance": "64 kilometres away",
        "type":"4",
        "date": "24 - 29 Mar",
        "price": "29,040",
        "rates": "4.95",
        "favorite": true
    },
    {
        "location": "Capitola, California, US",
        "distance": "Capitola Beach",
        "date": "19 - 24 Mar",
        "price": "28,542",
        "type":"4",
        "rates": "4.9",
        "favorite": true
    },
    {
        "location": "Whitethorn, California, US",
        "distance": "339 kilometres away",
        "date": "22 - 27 Mar",
        "type":"3",
        "price": "12,110",
        "rates": "5.0",
        "favorite": true
    },
    {
        "location": "Muir Beach, California, US",
        "distance": "67 kilometres away",
        "type":"3",
        "date": "1 - 6 Jun",
        "price": "38,709",
        "rates": "4.93",
        "favorite": true
    }
]